{
    "accuracy": 0.9098,
    "precision": 0.9372070071551937,
    "recall": 0.9508135168961201,
    "f1": 0.9439612326043738,
    "roc_auc": 0.9451875790011146,
    "log_loss": 0.22492506543583576,
    "mcc": 0.7134638228470322,
    "final_loss": 140.57816375792027
}