{
    "accuracy": 0.898936830668943,
    "precision": 0.9289814315432622,
    "recall": 0.944675683351778,
    "f1": 0.9367628278276577,
    "roc_auc": 0.9320452420653487,
    "log_loss": 0.2560803605229106,
    "mcc": 0.6859451343584826,
    "final_loss": 427.50599431991577
}