{
    "accuracy": 0.905,
    "precision": 0.9121779859484778,
    "recall": 0.9749687108886108,
    "f1": 0.9425287356321839,
    "roc_auc": 0.9385277928256092,
    "log_loss": 0.2373607208505656,
    "mcc": 0.6830351446529472,
    "final_loss": 148.35045173205435
}