{
    "accuracy": 0.9079621294428062,
    "precision": 0.9350217397591756,
    "recall": 0.9498565230591438,
    "f1": 0.942380753422661,
    "roc_auc": 0.9410211402618944,
    "log_loss": 0.23479189066965495,
    "mcc": 0.7144188698777781,
    "final_loss": 387.83872762322426
}