{
    "accuracy": 0.8555176160173832,
    "precision": 0.9465177721443164,
    "recall": 0.8666301037147306,
    "f1": 0.9048140043763676,
    "mcc": 0.6178027280977794,
    "roc_auc": 0.9173403446900075,
    "log_loss": 0.3456462169137179,
    "final_loss": 0.3456462169137179
}