{
    "accuracy": 0.9043302809250349,
    "precision": 0.9393909732486321,
    "recall": 0.9399061768536927,
    "f1": 0.9396485044304107,
    "roc_auc": 0.9412189590989735,
    "log_loss": 0.2403957880628878,
    "mcc": 0.7090037443840589,
    "final_loss": 386.83354242146015
}