{
    "accuracy": 0.8800946763929847,
    "precision": 0.8927483683828862,
    "recall": 0.9645567884670003,
    "f1": 0.9272644249553964,
    "mcc": 0.6035907621742205,
    "roc_auc": 0.8986591713801286,
    "log_loss": 0.29839666509261004,
    "final_loss": 0.29839666509261004
}