{
    "accuracy": 0.9128,
    "precision": 0.922784509384652,
    "recall": 0.9722152690863579,
    "f1": 0.946855192588981,
    "roc_auc": 0.9451108350612395,
    "log_loss": 0.2256537464080909,
    "mcc": 0.7125184302735249,
    "final_loss": 141.03359051514417
}