{
    "accuracy": 0.85087692068912,
    "precision": 0.940829849920759,
    "recall": 0.8662873260403302,
    "f1": 0.9020211702800269,
    "mcc": 0.601185611700707,
    "roc_auc": 0.9086548287193367,
    "log_loss": 0.44528436324651216,
    "final_loss": 0.44528436324651216
}